Species,Origin,OriginalUrl,Genus,Family,ObservationId,MediaId,YearInCLEF,LearnTag,ClassId,BackUpLink
Kaempferia galanga L.,vncreature,http://www.vncreatures.net//pictures/plant/3594.JPG,Kaempferia,Zingiberaceae,0,3003594,PlantCLEF2017,Train,331071,http://www.vncreatures.net//pictures/plant/3594.JPG
Kaempferia galanga L.,vncreature,http://www.vncreatures.net//pictures/plant/3594_1.jpg,Kaempferia,Zingiberaceae,0,3035941,PlantCLEF2017,Train,331071,http://www.vncreatures.net//pictures/plant/3594_1.jpg
Kaempferia galanga L.,vncreature,http://www.vncreatures.net//pictures/plant/3594_2.jpg,Kaempferia,Zingiberaceae,0,3035942,PlantCLEF2017,Train,331071,http://www.vncreatures.net//pictures/plant/3594_2.jpg
Kaempferia galanga L.,vncreature,http://www.vncreatures.net//pictures/plant/3594_3.jpg,Kaempferia,Zingiberaceae,0,3035943,PlantCLEF2017,Train,331071,http://www.vncreatures.net//pictures/plant/3594_3.jpg
Rhizophora mucronata Lam.,vncreature,http://www.vncreatures.net//pictures/plant/3369.JPG,Rhizophora,Rhizophoraceae,0,3003369,PlantCLEF2017,Train,285487,http://www.vncreatures.net//pictures/plant/3369.JPG
Rhizophora mucronata Lam.,vncreature,http://www.vncreatures.net//pictures/plant/3369_1.jpg,Rhizophora,Rhizophoraceae,0,3033691,PlantCLEF2017,Train,285487,http://www.vncreatures.net//pictures/plant/3369_1.jpg
Phaius tankervilleae (Banks) Blume,vncreature,http://www.vncreatures.net//pictures/plant/3418.JPG,Phaius,Orchidaceae,0,3003418,PlantCLEF2017,Train,235732,http://www.vncreatures.net//pictures/plant/3418.JPG
Phaius tankervilleae (Banks) Blume,vncreature,http://www.vncreatures.net//pictures/plant/3418_1.jpg,Phaius,Orchidaceae,0,3034181,PlantCLEF2017,Train,235732,http://www.vncreatures.net//pictures/plant/3418_1.jpg
Phaius tankervilleae (Banks) Blume,vncreature,http://www.vncreatures.net//pictures/plant/3418_2.jpg,Phaius,Orchidaceae,0,3034182,PlantCLEF2017,Train,235732,http://www.vncreatures.net//pictures/plant/3418_2.jpg
Phaius tankervilleae (Banks) Blume,vncreature,http://www.vncreatures.net//pictures/plant/3418_3.jpg,Phaius,Orchidaceae,0,3034183,PlantCLEF2017,Train,235732,http://www.vncreatures.net//pictures/plant/3418_3.jpg
Phaius tankervilleae (Banks) Blume,vncreature,http://www.vncreatures.net//pictures/plant/3418_4.jpg,Phaius,Orchidaceae,0,3034184,PlantCLEF2017,Train,235732,http://www.vncreatures.net//pictures/plant/3418_4.jpg
Hydnophytum formicarum Jack,vncreature,http://www.vncreatures.net//pictures/plant/3108.JPG,Hydnophytum,Rubiaceae,0,3003108,PlantCLEF2017,Train,295430,http://www.vncreatures.net//pictures/plant/3108.JPG
Hydnophytum formicarum Jack,vncreature,http://www.vncreatures.net//pictures/plant/3108_1.jpg,Hydnophytum,Rubiaceae,0,3031081,PlantCLEF2017,Train,295430,http://www.vncreatures.net//pictures/plant/3108_1.jpg
Hydnophytum formicarum Jack,vncreature,http://www.vncreatures.net//pictures/plant/3108_2.jpg,Hydnophytum,Rubiaceae,0,3031082,PlantCLEF2017,Train,295430,http://www.vncreatures.net//pictures/plant/3108_2.jpg
Hydnophytum formicarum Jack,vncreature,http://www.vncreatures.net//pictures/plant/3108_3.jpg,Hydnophytum,Rubiaceae,0,3031083,PlantCLEF2017,Train,295430,http://www.vncreatures.net//pictures/plant/3108_3.jpg
Leonurus japonicus Houtt.,vncreature,http://www.vncreatures.net//pictures/plant/2127.JPG,Leonurus,Lamiaceae,0,3002127,PlantCLEF2017,Train,150598,http://www.vncreatures.net//pictures/plant/2127.JPG
Couroupita guianensis Aubl.,vncreature,http://www.vncreatures.net//pictures/plant/3508.JPG,Couroupita,Lecythidaceae,0,3003508,PlantCLEF2017,Train,159448,http://www.vncreatures.net//pictures/plant/3508.JPG
Couroupita guianensis Aubl.,vncreature,http://www.vncreatures.net//pictures/plant/3508_1.jpg,Couroupita,Lecythidaceae,0,3035081,PlantCLEF2017,Train,159448,http://www.vncreatures.net//pictures/plant/3508_1.jpg
Couroupita guianensis Aubl.,vncreature,http://www.vncreatures.net//pictures/plant/3508_2.jpg,Couroupita,Lecythidaceae,0,3035082,PlantCLEF2017,Train,159448,http://www.vncreatures.net//pictures/plant/3508_2.jpg
Couroupita guianensis Aubl.,vncreature,http://www.vncreatures.net//pictures/plant/3508_3.jpg,Couroupita,Lecythidaceae,0,3035083,PlantCLEF2017,Train,159448,http://www.vncreatures.net//pictures/plant/3508_3.jpg
Bixa orellana L.,vncreature,http://www.vncreatures.net//pictures/plant/2510.JPG,Bixa,Bixaceae,0,3002510,PlantCLEF2017,Train,42649,http://www.vncreatures.net//pictures/plant/2510.JPG
Bixa orellana L.,vncreature,http://www.vncreatures.net//pictures/plant/2510_1.jpg,Bixa,Bixaceae,0,3025101,PlantCLEF2017,Train,42649,http://www.vncreatures.net//pictures/plant/2510_1.jpg
Bixa orellana L.,vncreature,http://www.vncreatures.net//pictures/plant/2510_2.jpg,Bixa,Bixaceae,0,3025102,PlantCLEF2017,Train,42649,http://www.vncreatures.net//pictures/plant/2510_2.jpg
Bixa orellana L.,vncreature,http://www.vncreatures.net//pictures/plant/2510_3.jpg,Bixa,Bixaceae,0,3025103,PlantCLEF2017,Train,42649,http://www.vncreatures.net//pictures/plant/2510_3.jpg
Bixa orellana L.,vncreature,http://www.vncreatures.net//pictures/plant/2510_4.jpg,Bixa,Bixaceae,0,3025104,PlantCLEF2017,Train,42649,http://www.vncreatures.net//pictures/plant/2510_4.jpg
Hura crepitans L.,vncreature,http://www.vncreatures.net//pictures/plant/2543.JPG,Hura,Euphorbiaceae,0,3002543,PlantCLEF2017,Train,132431,http://www.vncreatures.net//pictures/plant/2543.JPG
Hura crepitans L.,vncreature,http://www.vncreatures.net//pictures/plant/2543_1.jpg,Hura,Euphorbiaceae,0,3025431,PlantCLEF2017,Train,132431,http://www.vncreatures.net//pictures/plant/2543_1.jpg
Hura crepitans L.,vncreature,http://www.vncreatures.net//pictures/plant/2543_2.jpg,Hura,Euphorbiaceae,0,3025432,PlantCLEF2017,Train,132431,http://www.vncreatures.net//pictures/plant/2543_2.jpg
Hura crepitans L.,vncreature,http://www.vncreatures.net//pictures/plant/2543_3.jpg,Hura,Euphorbiaceae,0,3025433,PlantCLEF2017,Train,132431,http://www.vncreatures.net//pictures/plant/2543_3.jpg
Liriodendron chinense (Hemsl.) Sarg.,vncreature,http://www.vncreatures.net//pictures/plant/3121.JPG,Liriodendron,Magnoliaceae,0,3003121,PlantCLEF2017,Train,189727,http://www.vncreatures.net//pictures/plant/3121.JPG
Liriodendron chinense (Hemsl.) Sarg.,vncreature,http://www.vncreatures.net//pictures/plant/3121_1.jpg,Liriodendron,Magnoliaceae,0,3031211,PlantCLEF2017,Train,189727,http://www.vncreatures.net//pictures/plant/3121_1.jpg
Liriodendron chinense (Hemsl.) Sarg.,vncreature,http://www.vncreatures.net//pictures/plant/3121_2.jpg,Liriodendron,Magnoliaceae,0,3031212,PlantCLEF2017,Train,189727,http://www.vncreatures.net//pictures/plant/3121_2.jpg
Liriodendron chinense (Hemsl.) Sarg.,vncreature,http://www.vncreatures.net//pictures/plant/3121_3.jpg,Liriodendron,Magnoliaceae,0,3031213,PlantCLEF2017,Train,189727,http://www.vncreatures.net//pictures/plant/3121_3.jpg
Liriodendron chinense (Hemsl.) Sarg.,vncreature,http://www.vncreatures.net//pictures/plant/3121_4.jpg,Liriodendron,Magnoliaceae,0,3031214,PlantCLEF2017,Train,189727,http://www.vncreatures.net//pictures/plant/3121_4.jpg
Barringtonia asiatica (L.) Kurz,vncreature,http://www.vncreatures.net//pictures/plant/3032.JPG,Barringtonia,Lecythidaceae,0,3003032,PlantCLEF2017,Train,159340,http://www.vncreatures.net//pictures/plant/3032.JPG
Barringtonia asiatica (L.) Kurz,vncreature,http://www.vncreatures.net//pictures/plant/3032_1.jpg,Barringtonia,Lecythidaceae,0,3030321,PlantCLEF2017,Train,159340,http://www.vncreatures.net//pictures/plant/3032_1.jpg
Barringtonia asiatica (L.) Kurz,vncreature,http://www.vncreatures.net//pictures/plant/3032_2.jpg,Barringtonia,Lecythidaceae,0,3030322,PlantCLEF2017,Train,159340,http://www.vncreatures.net//pictures/plant/3032_2.jpg
Barringtonia asiatica (L.) Kurz,vncreature,http://www.vncreatures.net//pictures/plant/3032_3.jpg,Barringtonia,Lecythidaceae,0,3030323,PlantCLEF2017,Train,159340,http://www.vncreatures.net//pictures/plant/3032_3.jpg
Barringtonia asiatica (L.) Kurz,vncreature,http://www.vncreatures.net//pictures/plant/3032_4.jpg,Barringtonia,Lecythidaceae,0,3030324,PlantCLEF2017,Train,159340,http://www.vncreatures.net//pictures/plant/3032_4.jpg
Rauvolfia vomitoria Afzel.,vncreature,http://www.vncreatures.net//pictures/plant/3170.JPG,Rauvolfia,Apocynaceae,0,3003170,PlantCLEF2017,Train,23991,http://www.vncreatures.net//pictures/plant/3170.JPG
Calotropis gigantea (L.) Dryand.,vncreature,http://www.vncreatures.net//pictures/plant/2081.JPG,Calotropis,Apocynaceae,0,3002081,PlantCLEF2017,Train,20080,http://www.vncreatures.net//pictures/plant/2081.JPG
Calotropis gigantea (L.) Dryand.,vncreature,http://www.vncreatures.net//pictures/plant/2081_1.jpg,Calotropis,Apocynaceae,0,3020811,PlantCLEF2017,Train,20080,http://www.vncreatures.net//pictures/plant/2081_1.jpg
Calotropis gigantea (L.) Dryand.,vncreature,http://www.vncreatures.net//pictures/plant/2081_2.jpg,Calotropis,Apocynaceae,0,3020812,PlantCLEF2017,Train,20080,http://www.vncreatures.net//pictures/plant/2081_2.jpg
Calotropis gigantea (L.) Dryand.,vncreature,http://www.vncreatures.net//pictures/plant/2081_3.jpg,Calotropis,Apocynaceae,0,3020813,PlantCLEF2017,Train,20080,http://www.vncreatures.net//pictures/plant/2081_3.jpg
Annona glabra L.,vncreature,http://www.vncreatures.net//pictures/plant/2032.JPG,Annona,Annonaceae,0,3002032,PlantCLEF2017,Train,13330,http://www.vncreatures.net//pictures/plant/2032.JPG
Vitex trifolia L.,vncreature,http://www.vncreatures.net//pictures/plant/2241.JPG,Vitex,Verbenaceae,0,3002241,PlantCLEF2017,Train,156130,http://www.vncreatures.net//pictures/plant/2241.JPG
Vitex trifolia L.,vncreature,http://www.vncreatures.net//pictures/plant/2241_1.jpg,Vitex,Verbenaceae,0,3022411,PlantCLEF2017,Train,156130,http://www.vncreatures.net//pictures/plant/2241_1.jpg
Vitex trifolia L.,vncreature,http://www.vncreatures.net//pictures/plant/2241_2.jpg,Vitex,Verbenaceae,0,3022412,PlantCLEF2017,Train,156130,http://www.vncreatures.net//pictures/plant/2241_2.jpg
Vitex trifolia L.,vncreature,http://www.vncreatures.net//pictures/plant/2241_3.jpg,Vitex,Verbenaceae,0,3022413,PlantCLEF2017,Train,156130,http://www.vncreatures.net//pictures/plant/2241_3.jpg
Vitex trifolia L.,vncreature,http://www.vncreatures.net//pictures/plant/2241_4.jpg,Vitex,Verbenaceae,0,3022414,PlantCLEF2017,Train,156130,http://www.vncreatures.net//pictures/plant/2241_4.jpg
Paris polyphylla Sm.,vncreature,http://www.vncreatures.net//pictures/plant/3269.JPG,Paris,Melanthiaceae,0,3003269,PlantCLEF2017,Train,197109,http://www.vncreatures.net//pictures/plant/3269.JPG
Paris polyphylla Sm.,vncreature,http://www.vncreatures.net//pictures/plant/3269_1.jpg,Paris,Melanthiaceae,0,3032691,PlantCLEF2017,Train,197109,http://www.vncreatures.net//pictures/plant/3269_1.jpg
Paris polyphylla Sm.,vncreature,http://www.vncreatures.net//pictures/plant/3269_2.jpg,Paris,Melanthiaceae,0,3032692,PlantCLEF2017,Train,197109,http://www.vncreatures.net//pictures/plant/3269_2.jpg
Paris polyphylla Sm.,vncreature,http://www.vncreatures.net//pictures/plant/3269_3.jpg,Paris,Melanthiaceae,0,3032693,PlantCLEF2017,Train,197109,http://www.vncreatures.net//pictures/plant/3269_3.jpg
Achyranthes aspera L.,vncreature,http://www.vncreatures.net//pictures/plant/2347.JPG,Achyranthes,Amaranthaceae,0,3002347,PlantCLEF2017,Train,7582,http://www.vncreatures.net//pictures/plant/2347.JPG
Achyranthes aspera L.,vncreature,http://www.vncreatures.net//pictures/plant/2347_1.jpg,Achyranthes,Amaranthaceae,0,3023471,PlantCLEF2017,Train,7582,http://www.vncreatures.net//pictures/plant/2347_1.jpg
Achyranthes aspera L.,vncreature,http://www.vncreatures.net//pictures/plant/2347_2.jpg,Achyranthes,Amaranthaceae,0,3023472,PlantCLEF2017,Train,7582,http://www.vncreatures.net//pictures/plant/2347_2.jpg
Drosera indica L.,vncreature,http://www.vncreatures.net//pictures/plant/2314.JPG,Drosera,Droseraceae,0,3002314,PlantCLEF2017,Train,118354,http://www.vncreatures.net//pictures/plant/2314.JPG
Drosera indica L.,vncreature,http://www.vncreatures.net//pictures/plant/2314_1.jpg,Drosera,Droseraceae,0,3023141,PlantCLEF2017,Train,118354,http://www.vncreatures.net//pictures/plant/2314_1.jpg
Drosera indica L.,vncreature,http://www.vncreatures.net//pictures/plant/2314_2.jpg,Drosera,Droseraceae,0,3023142,PlantCLEF2017,Train,118354,http://www.vncreatures.net//pictures/plant/2314_2.jpg
Drosera indica L.,vncreature,http://www.vncreatures.net//pictures/plant/2314_3.jpg,Drosera,Droseraceae,0,3023143,PlantCLEF2017,Train,118354,http://www.vncreatures.net//pictures/plant/2314_3.jpg
Tacca leontopetaloides (L.) Kuntze,vncreature,http://www.vncreatures.net//pictures/plant/3297.JPG,Tacca,Dioscoreaceae,0,3003297,PlantCLEF2017,Train,118024,http://www.vncreatures.net//pictures/plant/3297.JPG
Abutilon indicum (L.) Sweet,vncreature,http://www.vncreatures.net//pictures/plant/2346.JPG,Abutilon,Malvaceae,0,3002346,PlantCLEF2017,Train,191471,http://www.vncreatures.net//pictures/plant/2346.JPG
Abutilon indicum (L.) Sweet,vncreature,http://www.vncreatures.net//pictures/plant/2346_1.jpg,Abutilon,Malvaceae,0,3023461,PlantCLEF2017,Train,191471,http://www.vncreatures.net//pictures/plant/2346_1.jpg
Abutilon indicum (L.) Sweet,vncreature,http://www.vncreatures.net//pictures/plant/2346_2.jpg,Abutilon,Malvaceae,0,3023462,PlantCLEF2017,Train,191471,http://www.vncreatures.net//pictures/plant/2346_2.jpg
Abutilon indicum (L.) Sweet,vncreature,http://www.vncreatures.net//pictures/plant/2346_3.jpg,Abutilon,Malvaceae,0,3023463,PlantCLEF2017,Train,191471,http://www.vncreatures.net//pictures/plant/2346_3.jpg
Aucuba japonica Thunb.,vncreature,http://www.vncreatures.net//pictures/plant/3028.JPG,Aucuba,Cornaceae,0,3003028,PlantCLEF2017,Train,135355,http://www.vncreatures.net//pictures/plant/3028.JPG
Symphytum officinale L.,vncreature,http://www.vncreatures.net//pictures/plant/2565.JPG,Symphytum,Boraginaceae,0,3002565,PlantCLEF2017,Train,45561,http://www.vncreatures.net//pictures/plant/2565.JPG
Reynoutria japonica Houtt.,vncreature,http://www.vncreatures.net//pictures/plant/3172.JPG,Reynoutria,Polygonaceae,0,3003172,PlantCLEF2017,Train,273034,http://www.vncreatures.net//pictures/plant/3172.JPG
Ficus auriculata Lour.,vncreature,http://www.vncreatures.net//pictures/plant/2533.JPG,Ficus,Moraceae,0,3002533,PlantCLEF2017,Train,203548,http://www.vncreatures.net//pictures/plant/2533.JPG
Ficus auriculata Lour.,vncreature,http://www.vncreatures.net//pictures/plant/2533_1.jpg,Ficus,Moraceae,0,3025331,PlantCLEF2017,Train,203548,http://www.vncreatures.net//pictures/plant/2533_1.jpg
Ficus auriculata Lour.,vncreature,http://www.vncreatures.net//pictures/plant/2533_2.jpg,Ficus,Moraceae,0,3025332,PlantCLEF2017,Train,203548,http://www.vncreatures.net//pictures/plant/2533_2.jpg
Ficus auriculata Lour.,vncreature,http://www.vncreatures.net//pictures/plant/2533_3.jpg,Ficus,Moraceae,0,3025333,PlantCLEF2017,Train,203548,http://www.vncreatures.net//pictures/plant/2533_3.jpg
Ficus retusa L.,vncreature,http://www.vncreatures.net//pictures/plant/2534.JPG,Ficus,Moraceae,0,3002534,PlantCLEF2017,Train,204128,http://www.vncreatures.net//pictures/plant/2534.JPG
Ficus retusa L.,vncreature,http://www.vncreatures.net//pictures/plant/2534_1.jpg,Ficus,Moraceae,0,3025341,PlantCLEF2017,Train,204128,http://www.vncreatures.net//pictures/plant/2534_1.jpg
Ficus retusa L.,vncreature,http://www.vncreatures.net//pictures/plant/2534_2.jpg,Ficus,Moraceae,0,3025342,PlantCLEF2017,Train,204128,http://www.vncreatures.net//pictures/plant/2534_2.jpg
Ficus retusa L.,vncreature,http://www.vncreatures.net//pictures/plant/2534_3.jpg,Ficus,Moraceae,0,3025343,PlantCLEF2017,Train,204128,http://www.vncreatures.net//pictures/plant/2534_3.jpg
Eucommia ulmoides Oliv.,vncreature,http://www.vncreatures.net//pictures/plant/2530.JPG,Eucommia,Eucommiaceae,0,3002530,PlantCLEF2017,Train,127344,http://www.vncreatures.net//pictures/plant/2530.JPG
Lumnitzera racemosa Willd.,vncreature,http://www.vncreatures.net//pictures/plant/3899.JPG,Lumnitzera,Combretaceae,0,3003899,PlantCLEF2017,Train,68783,http://www.vncreatures.net//pictures/plant/3899.JPG
Lumnitzera racemosa Willd.,vncreature,http://www.vncreatures.net//pictures/plant/3899_1.jpg,Lumnitzera,Combretaceae,0,3038991,PlantCLEF2017,Train,68783,http://www.vncreatures.net//pictures/plant/3899_1.jpg
Lumnitzera racemosa Willd.,vncreature,http://www.vncreatures.net//pictures/plant/3899_2.jpg,Lumnitzera,Combretaceae,0,3038992,PlantCLEF2017,Train,68783,http://www.vncreatures.net//pictures/plant/3899_2.jpg
Lumnitzera racemosa Willd.,vncreature,http://www.vncreatures.net//pictures/plant/3899_3.jpg,Lumnitzera,Combretaceae,0,3038993,PlantCLEF2017,Train,68783,http://www.vncreatures.net//pictures/plant/3899_3.jpg
Lumnitzera racemosa Willd.,vncreature,http://www.vncreatures.net//pictures/plant/3899_4.jpg,Lumnitzera,Combretaceae,0,3038994,PlantCLEF2017,Train,68783,http://www.vncreatures.net//pictures/plant/3899_4.jpg
Cannabis sativa L.,vncreature,http://www.vncreatures.net//pictures/plant/3493.JPG,Cannabis,Cannabaceae,0,3003493,PlantCLEF2017,Train,60209,http://www.vncreatures.net//pictures/plant/3493.JPG
Cannabis sativa L.,vncreature,http://www.vncreatures.net//pictures/plant/3493_1.jpg,Cannabis,Cannabaceae,0,3034931,PlantCLEF2017,Train,60209,http://www.vncreatures.net//pictures/plant/3493_1.jpg
Cannabis sativa L.,vncreature,http://www.vncreatures.net//pictures/plant/3493_2.jpg,Cannabis,Cannabaceae,0,3034932,PlantCLEF2017,Train,60209,http://www.vncreatures.net//pictures/plant/3493_2.jpg
Cannabis sativa L.,vncreature,http://www.vncreatures.net//pictures/plant/3493_3.jpg,Cannabis,Cannabaceae,0,3034933,PlantCLEF2017,Train,60209,http://www.vncreatures.net//pictures/plant/3493_3.jpg
Cannabis sativa L.,vncreature,http://www.vncreatures.net//pictures/plant/3493_4.jpg,Cannabis,Cannabaceae,0,3034934,PlantCLEF2017,Train,60209,http://www.vncreatures.net//pictures/plant/3493_4.jpg
Moringa oleifera Lam.,vncreature,http://www.vncreatures.net//pictures/plant/2490.JPG,Moringa,Moringaceae,0,3002490,PlantCLEF2017,Train,204515,http://www.vncreatures.net//pictures/plant/2490.JPG
Moringa oleifera Lam.,vncreature,http://www.vncreatures.net//pictures/plant/2490_1.jpg,Moringa,Moringaceae,0,3024901,PlantCLEF2017,Train,204515,http://www.vncreatures.net//pictures/plant/2490_1.jpg
Moringa oleifera Lam.,vncreature,http://www.vncreatures.net//pictures/plant/2490_2.jpg,Moringa,Moringaceae,0,3024902,PlantCLEF2017,Train,204515,http://www.vncreatures.net//pictures/plant/2490_2.jpg
Moringa oleifera Lam.,vncreature,http://www.vncreatures.net//pictures/plant/2490_3.jpg,Moringa,Moringaceae,0,3024903,PlantCLEF2017,Train,204515,http://www.vncreatures.net//pictures/plant/2490_3.jpg
Combretum indicum (L.) DeFilipps,vncreature,http://www.vncreatures.net//pictures/plant/2071.JPG,Combretum,Combretaceae,0,3002071,PlantCLEF2017,Train,68607,http://www.vncreatures.net//pictures/plant/2071.JPG
Combretum indicum (L.) DeFilipps,vncreature,http://www.vncreatures.net//pictures/plant/2071_1.jpg,Combretum,Combretaceae,0,3020711,PlantCLEF2017,Train,68607,http://www.vncreatures.net//pictures/plant/2071_1.jpg
Combretum indicum (L.) DeFilipps,vncreature,http://www.vncreatures.net//pictures/plant/2071_2.jpg,Combretum,Combretaceae,0,3020712,PlantCLEF2017,Train,68607,http://www.vncreatures.net//pictures/plant/2071_2.jpg
Combretum indicum (L.) DeFilipps,vncreature,http://www.vncreatures.net//pictures/plant/2071_3.jpg,Combretum,Combretaceae,0,3020713,PlantCLEF2017,Train,68607,http://www.vncreatures.net//pictures/plant/2071_3.jpg
Combretum indicum (L.) DeFilipps,vncreature,http://www.vncreatures.net//pictures/plant/2071_4.jpg,Combretum,Combretaceae,0,3020714,PlantCLEF2017,Train,68607,http://www.vncreatures.net//pictures/plant/2071_4.jpg
Phyllanthus acidus (L.) Skeels,vncreature,http://www.vncreatures.net//pictures/plant/2070.JPG,Phyllanthus,Euphorbiaceae,0,3002070,PlantCLEF2017,Train,250415,http://www.vncreatures.net//pictures/plant/2070.JPG
Paraderris elliptica (Wall.) Adema,vncreature,http://www.vncreatures.net//pictures/plant/2120.JPG,Paraderris,Leguminosae,0,3002120,PlantCLEF2017,Train,179443,http://www.vncreatures.net//pictures/plant/2120.JPG
Paraderris elliptica (Wall.) Adema,vncreature,http://www.vncreatures.net//pictures/plant/2120_1.jpg,Paraderris,Leguminosae,0,3021201,PlantCLEF2017,Train,179443,http://www.vncreatures.net//pictures/plant/2120_1.jpg
Paraderris elliptica (Wall.) Adema,vncreature,http://www.vncreatures.net//pictures/plant/2120_2.jpg,Paraderris,Leguminosae,0,3021202,PlantCLEF2017,Train,179443,http://www.vncreatures.net//pictures/plant/2120_2.jpg
Paraderris elliptica (Wall.) Adema,vncreature,http://www.vncreatures.net//pictures/plant/2120_3.jpg,Paraderris,Leguminosae,0,3021203,PlantCLEF2017,Train,179443,http://www.vncreatures.net//pictures/plant/2120_3.jpg
Antidesma bunius (L.) Spreng.,vncreature,http://www.vncreatures.net//pictures/plant/2497.JPG,Antidesma,Phyllanthaceae,0,3002497,PlantCLEF2017,Train,249477,http://www.vncreatures.net//pictures/plant/2497.JPG
Achillea millefolium L.,vncreature,http://www.vncreatures.net//pictures/plant/3717.JPG,Achillea,Asteraceae,0,3003717,PlantCLEF2017,Train,69841,http://www.vncreatures.net//pictures/plant/3717.JPG
Achillea millefolium L.,vncreature,http://www.vncreatures.net//pictures/plant/3717_1.jpg,Achillea,Asteraceae,0,3037171,PlantCLEF2017,Train,69841,http://www.vncreatures.net//pictures/plant/3717_1.jpg
Achillea millefolium L.,vncreature,http://www.vncreatures.net//pictures/plant/3717_2.jpg,Achillea,Asteraceae,0,3037172,PlantCLEF2017,Train,69841,http://www.vncreatures.net//pictures/plant/3717_2.jpg
Achillea millefolium L.,vncreature,http://www.vncreatures.net//pictures/plant/3717_3.jpg,Achillea,Asteraceae,0,3037173,PlantCLEF2017,Train,69841,http://www.vncreatures.net//pictures/plant/3717_3.jpg
Achillea millefolium L.,vncreature,http://www.vncreatures.net//pictures/plant/3717_4.jpg,Achillea,Asteraceae,0,3037174,PlantCLEF2017,Train,69841,http://www.vncreatures.net//pictures/plant/3717_4.jpg
Magnolia grandiflora L.,vncreature,http://www.vncreatures.net//pictures/plant/2210.JPG,Magnolia,Magnoliaceae,0,3002210,PlantCLEF2017,Train,189825,http://www.vncreatures.net//pictures/plant/2210.JPG
Magnolia grandiflora L.,vncreature,http://www.vncreatures.net//pictures/plant/2210_1.jpg,Magnolia,Magnoliaceae,0,3022101,PlantCLEF2017,Train,189825,http://www.vncreatures.net//pictures/plant/2210_1.jpg
Magnolia grandiflora L.,vncreature,http://www.vncreatures.net//pictures/plant/2210_2.jpg,Magnolia,Magnoliaceae,0,3022102,PlantCLEF2017,Train,189825,http://www.vncreatures.net//pictures/plant/2210_2.jpg
Magnolia grandiflora L.,vncreature,http://www.vncreatures.net//pictures/plant/2210_3.jpg,Magnolia,Magnoliaceae,0,3022103,PlantCLEF2017,Train,189825,http://www.vncreatures.net//pictures/plant/2210_3.jpg
Magnolia grandiflora L.,vncreature,http://www.vncreatures.net//pictures/plant/2210_4.jpg,Magnolia,Magnoliaceae,0,3022104,PlantCLEF2017,Train,189825,http://www.vncreatures.net//pictures/plant/2210_4.jpg
Ceiba pentandra (L.) Gaertn.,vncreature,http://www.vncreatures.net//pictures/plant/3377.JPG,Ceiba,Malvaceae,0,3003377,PlantCLEF2017,Train,192311,http://www.vncreatures.net//pictures/plant/3377.JPG
Kaempferia angustifolia Roscoe,vncreature,http://www.vncreatures.net//pictures/plant/2284.JPG,Kaempferia,Zingiberaceae,0,3002284,PlantCLEF2017,Train,331060,http://www.vncreatures.net//pictures/plant/2284.JPG
Kaempferia angustifolia Roscoe,vncreature,http://www.vncreatures.net//pictures/plant/2284_1.jpg,Kaempferia,Zingiberaceae,0,3022841,PlantCLEF2017,Train,331060,http://www.vncreatures.net//pictures/plant/2284_1.jpg
Kaempferia angustifolia Roscoe,vncreature,http://www.vncreatures.net//pictures/plant/2284_2.jpg,Kaempferia,Zingiberaceae,0,3022842,PlantCLEF2017,Train,331060,http://www.vncreatures.net//pictures/plant/2284_2.jpg
Kaempferia angustifolia Roscoe,vncreature,http://www.vncreatures.net//pictures/plant/2284_3.jpg,Kaempferia,Zingiberaceae,0,3022843,PlantCLEF2017,Train,331060,http://www.vncreatures.net//pictures/plant/2284_3.jpg
Telosma cordata (Burm. f.) Merr.,vncreature,http://www.vncreatures.net//pictures/plant/2076.JPG,Telosma,Apocynaceae,0,3002076,PlantCLEF2017,Train,24611,http://www.vncreatures.net//pictures/plant/2076.JPG
Telosma cordata (Burm. f.) Merr.,vncreature,http://www.vncreatures.net//pictures/plant/2076_1.jpg,Telosma,Apocynaceae,0,3020761,PlantCLEF2017,Train,24611,http://www.vncreatures.net//pictures/plant/2076_1.jpg
Telosma cordata (Burm. f.) Merr.,vncreature,http://www.vncreatures.net//pictures/plant/2076_2.jpg,Telosma,Apocynaceae,0,3020762,PlantCLEF2017,Train,24611,http://www.vncreatures.net//pictures/plant/2076_2.jpg
Telosma cordata (Burm. f.) Merr.,vncreature,http://www.vncreatures.net//pictures/plant/2076_3.jpg,Telosma,Apocynaceae,0,3020763,PlantCLEF2017,Train,24611,http://www.vncreatures.net//pictures/plant/2076_3.jpg
Sesuvium portulacastrum (L.) L.,vncreature,http://www.vncreatures.net//pictures/plant/2344.JPG,Sesuvium,Aizoaceae,0,3002344,PlantCLEF2017,Train,6834,http://www.vncreatures.net//pictures/plant/2344.JPG
Sesuvium portulacastrum (L.) L.,vncreature,http://www.vncreatures.net//pictures/plant/2344_1.jpg,Sesuvium,Aizoaceae,0,3023441,PlantCLEF2017,Train,6834,http://www.vncreatures.net//pictures/plant/2344_1.jpg
Sesuvium portulacastrum (L.) L.,vncreature,http://www.vncreatures.net//pictures/plant/2344_3.jpg,Sesuvium,Aizoaceae,0,3023443,PlantCLEF2017,Train,6834,http://www.vncreatures.net//pictures/plant/2344_3.jpg
Syzygium jambos (L.) Alston,vncreature,http://www.vncreatures.net//pictures/plant/3507.JPG,Syzygium,Myrtaceae,0,3003507,PlantCLEF2017,Train,210020,http://www.vncreatures.net//pictures/plant/3507.JPG
Syzygium jambos (L.) Alston,vncreature,http://www.vncreatures.net//pictures/plant/3507_1.jpg,Syzygium,Myrtaceae,0,3035071,PlantCLEF2017,Train,210020,http://www.vncreatures.net//pictures/plant/3507_1.jpg
Syzygium jambos (L.) Alston,vncreature,http://www.vncreatures.net//pictures/plant/3507_2.jpg,Syzygium,Myrtaceae,0,3035072,PlantCLEF2017,Train,210020,http://www.vncreatures.net//pictures/plant/3507_2.jpg
Syzygium jambos (L.) Alston,vncreature,http://www.vncreatures.net//pictures/plant/3507_3.jpg,Syzygium,Myrtaceae,0,3035073,PlantCLEF2017,Train,210020,http://www.vncreatures.net//pictures/plant/3507_3.jpg
Houttuynia cordata Thunb.,vncreature,http://www.vncreatures.net//pictures/plant/2153.JPG,Houttuynia,Saururaceae,0,3002153,PlantCLEF2017,Train,312594,http://www.vncreatures.net//pictures/plant/2153.JPG
Houttuynia cordata Thunb.,vncreature,http://www.vncreatures.net//pictures/plant/2153_1.jpg,Houttuynia,Saururaceae,0,3021531,PlantCLEF2017,Train,312594,http://www.vncreatures.net//pictures/plant/2153_1.jpg
Houttuynia cordata Thunb.,vncreature,http://www.vncreatures.net//pictures/plant/2153_2.jpg,Houttuynia,Saururaceae,0,3021532,PlantCLEF2017,Train,312594,http://www.vncreatures.net//pictures/plant/2153_2.jpg
Houttuynia cordata Thunb.,vncreature,http://www.vncreatures.net//pictures/plant/2153_3.jpg,Houttuynia,Saururaceae,0,3021533,PlantCLEF2017,Train,312594,http://www.vncreatures.net//pictures/plant/2153_3.jpg
Bauhinia variegata L.,vncreature,http://www.vncreatures.net//pictures/plant/2410.JPG,Bauhinia,Fabaceae,0,3002410,PlantCLEF2017,Train,166321,http://www.vncreatures.net//pictures/plant/2410.JPG
Dianella ensifolia (L.) DC.,vncreature,http://www.vncreatures.net//pictures/plant/3469.JPG,Dianella,Xanthorrhoeaceae,0,3003469,PlantCLEF2017,Train,328802,http://www.vncreatures.net//pictures/plant/3469.JPG
Dianella ensifolia (L.) DC.,vncreature,http://www.vncreatures.net//pictures/plant/3469_1.jpg,Dianella,Xanthorrhoeaceae,0,3034691,PlantCLEF2017,Train,328802,http://www.vncreatures.net//pictures/plant/3469_1.jpg
Dianella ensifolia (L.) DC.,vncreature,http://www.vncreatures.net//pictures/plant/3469_2.jpg,Dianella,Xanthorrhoeaceae,0,3034692,PlantCLEF2017,Train,328802,http://www.vncreatures.net//pictures/plant/3469_2.jpg
Dianella ensifolia (L.) DC.,vncreature,http://www.vncreatures.net//pictures/plant/3469_3.jpg,Dianella,Xanthorrhoeaceae,0,3034693,PlantCLEF2017,Train,328802,http://www.vncreatures.net//pictures/plant/3469_3.jpg
Urena lobata L.,vncreature,http://www.vncreatures.net//pictures/plant/3763.JPG,Urena,Malvaceae,0,3003763,PlantCLEF2017,Train,195956,http://www.vncreatures.net//pictures/plant/3763.JPG
Punica granatum L.,vncreature,http://www.vncreatures.net//pictures/plant/2219.JPG,Punica,Punicaceae,0,3002219,PlantCLEF2017,Train,189669,http://www.vncreatures.net//pictures/plant/2219.JPG
Punica granatum L.,vncreature,http://www.vncreatures.net//pictures/plant/2219_1.jpg,Punica,Punicaceae,0,3022191,PlantCLEF2017,Train,189669,http://www.vncreatures.net//pictures/plant/2219_1.jpg
Punica granatum L.,vncreature,http://www.vncreatures.net//pictures/plant/2219_2.jpg,Punica,Punicaceae,0,3022192,PlantCLEF2017,Train,189669,http://www.vncreatures.net//pictures/plant/2219_2.jpg
Punica granatum L.,vncreature,http://www.vncreatures.net//pictures/plant/2219_3.jpg,Punica,Punicaceae,0,3022193,PlantCLEF2017,Train,189669,http://www.vncreatures.net//pictures/plant/2219_3.jpg
Punica granatum L.,vncreature,http://www.vncreatures.net//pictures/plant/2219_4.jpg,Punica,Punicaceae,0,3022194,PlantCLEF2017,Train,189669,http://www.vncreatures.net//pictures/plant/2219_4.jpg
Crotalaria verrucosa L.,vncreature,http://www.vncreatures.net//pictures/plant/2578.JPG,Crotalaria,Fabaceae,0,3002578,PlantCLEF2017,Train,169423,http://www.vncreatures.net//pictures/plant/2578.JPG
Crotalaria retusa L.,vncreature,http://www.vncreatures.net//pictures/plant/2577.JPG,Crotalaria,Fabaceae,0,3002577,PlantCLEF2017,Train,169293,http://www.vncreatures.net//pictures/plant/2577.JPG
Congea tomentosa Roxb.,vncreature,http://www.vncreatures.net//pictures/plant/3514.JPG,Congea,Lamiaceae,0,3003514,PlantCLEF2017,Train,149264,http://www.vncreatures.net//pictures/plant/3514.JPG
Congea tomentosa Roxb.,vncreature,http://www.vncreatures.net//pictures/plant/3514_1.jpg,Congea,Lamiaceae,0,3035141,PlantCLEF2017,Train,149264,http://www.vncreatures.net//pictures/plant/3514_1.jpg
Congea tomentosa Roxb.,vncreature,http://www.vncreatures.net//pictures/plant/3514_2.jpg,Congea,Lamiaceae,0,3035142,PlantCLEF2017,Train,149264,http://www.vncreatures.net//pictures/plant/3514_2.jpg
Congea tomentosa Roxb.,vncreature,http://www.vncreatures.net//pictures/plant/3514_3.jpg,Congea,Lamiaceae,0,3035143,PlantCLEF2017,Train,149264,http://www.vncreatures.net//pictures/plant/3514_3.jpg
Psilotum nudum (L.) P. Beauv.,vncreature,http://www.vncreatures.net//pictures/plant/3338.JPG,Psilotum,Psilotaceae,0,3003338,PlantCLEF2017,Train,279720,http://www.vncreatures.net//pictures/plant/3338.JPG
Appendicula reflexa Blume,vncreature,http://www.vncreatures.net//pictures/plant/2308.JPG,Appendicula,Orchidaceae,0,3002308,PlantCLEF2017,Train,215648,http://www.vncreatures.net//pictures/plant/2308.JPG
Appendicula reflexa Blume,vncreature,http://www.vncreatures.net//pictures/plant/2308_1.jpg,Appendicula,Orchidaceae,0,3023081,PlantCLEF2017,Train,215648,http://www.vncreatures.net//pictures/plant/2308_1.jpg
Appendicula reflexa Blume,vncreature,http://www.vncreatures.net//pictures/plant/2308_2.jpg,Appendicula,Orchidaceae,0,3023082,PlantCLEF2017,Train,215648,http://www.vncreatures.net//pictures/plant/2308_2.jpg
Appendicula reflexa Blume,vncreature,http://www.vncreatures.net//pictures/plant/2308_3.jpg,Appendicula,Orchidaceae,0,3023083,PlantCLEF2017,Train,215648,http://www.vncreatures.net//pictures/plant/2308_3.jpg
Spathoglottis plicata Blume,vncreature,http://www.vncreatures.net//pictures/plant/3422.JPG,Spathoglottis,Orchidaceae,0,3003422,PlantCLEF2017,Train,239689,http://www.vncreatures.net//pictures/plant/3422.JPG
Spathoglottis plicata Blume,vncreature,http://www.vncreatures.net//pictures/plant/3422_1.jpg,Spathoglottis,Orchidaceae,0,3034221,PlantCLEF2017,Train,239689,http://www.vncreatures.net//pictures/plant/3422_1.jpg
Spathoglottis plicata Blume,vncreature,http://www.vncreatures.net//pictures/plant/3422_2.jpg,Spathoglottis,Orchidaceae,0,3034222,PlantCLEF2017,Train,239689,http://www.vncreatures.net//pictures/plant/3422_2.jpg
Spathoglottis plicata Blume,vncreature,http://www.vncreatures.net//pictures/plant/3422_3.jpg,Spathoglottis,Orchidaceae,0,3034223,PlantCLEF2017,Train,239689,http://www.vncreatures.net//pictures/plant/3422_3.jpg
Dendrobium anosmum Lindl.,vncreature,http://www.vncreatures.net//pictures/plant/2187.JPG,Dendrobium,Orchidaceae,0,3002187,PlantCLEF2017,Train,222135,http://www.vncreatures.net//pictures/plant/2187.JPG
Dendrobium anosmum Lindl.,vncreature,http://www.vncreatures.net//pictures/plant/2187_1.jpg,Dendrobium,Orchidaceae,0,3021871,PlantCLEF2017,Train,222135,http://www.vncreatures.net//pictures/plant/2187_1.jpg
Dendrobium anosmum Lindl.,vncreature,http://www.vncreatures.net//pictures/plant/2187_2.jpg,Dendrobium,Orchidaceae,0,3021872,PlantCLEF2017,Train,222135,http://www.vncreatures.net//pictures/plant/2187_2.jpg
Dendrobium anosmum Lindl.,vncreature,http://www.vncreatures.net//pictures/plant/2187_3.jpg,Dendrobium,Orchidaceae,0,3021873,PlantCLEF2017,Train,222135,http://www.vncreatures.net//pictures/plant/2187_3.jpg
Dendrobium anosmum Lindl.,vncreature,http://www.vncreatures.net//pictures/plant/2187_4.jpg,Dendrobium,Orchidaceae,0,3021874,PlantCLEF2017,Train,222135,http://www.vncreatures.net//pictures/plant/2187_4.jpg
Calanthe triplicata (Willemet) Ames,vncreature,http://www.vncreatures.net//pictures/plant/2426.JPG,Calanthe,Orchidaceae,0,3002426,PlantCLEF2017,Train,218778,http://www.vncreatures.net//pictures/plant/2426.JPG
Dendrobium chrysotoxum Lindl.,vncreature,http://www.vncreatures.net//pictures/plant/3392.JPG,Dendrobium,Orchidaceae,0,3003392,PlantCLEF2017,Train,222315,http://www.vncreatures.net//pictures/plant/3392.JPG
Dendrobium chrysotoxum Lindl.,vncreature,http://www.vncreatures.net//pictures/plant/3392_1.jpg,Dendrobium,Orchidaceae,0,3033921,PlantCLEF2017,Train,222315,http://www.vncreatures.net//pictures/plant/3392_1.jpg
Dendrobium chrysotoxum Lindl.,vncreature,http://www.vncreatures.net//pictures/plant/3392_2.jpg,Dendrobium,Orchidaceae,0,3033922,PlantCLEF2017,Train,222315,http://www.vncreatures.net//pictures/plant/3392_2.jpg
Dendrobium chrysotoxum Lindl.,vncreature,http://www.vncreatures.net//pictures/plant/3392_3.jpg,Dendrobium,Orchidaceae,0,3033923,PlantCLEF2017,Train,222315,http://www.vncreatures.net//pictures/plant/3392_3.jpg
Dendrobium lindleyi Steud.,vncreature,http://www.vncreatures.net//pictures/plant/2279.JPG,Dendrobium,Orchidaceae,0,3002279,PlantCLEF2017,Train,222842,http://www.vncreatures.net//pictures/plant/2279.JPG
Dendrobium lindleyi Steud.,vncreature,http://www.vncreatures.net//pictures/plant/2279_1.jpg,Dendrobium,Orchidaceae,0,3022791,PlantCLEF2017,Train,222842,http://www.vncreatures.net//pictures/plant/2279_1.jpg
Dendrobium lindleyi Steud.,vncreature,http://www.vncreatures.net//pictures/plant/2279_2.jpg,Dendrobium,Orchidaceae,0,3022792,PlantCLEF2017,Train,222842,http://www.vncreatures.net//pictures/plant/2279_2.jpg
Dendrobium lindleyi Steud.,vncreature,http://www.vncreatures.net//pictures/plant/2279_3.jpg,Dendrobium,Orchidaceae,0,3022793,PlantCLEF2017,Train,222842,http://www.vncreatures.net//pictures/plant/2279_3.jpg
Dendrobium lindleyi Steud.,vncreature,http://www.vncreatures.net//pictures/plant/2279_4.jpg,Dendrobium,Orchidaceae,0,3022794,PlantCLEF2017,Train,222842,http://www.vncreatures.net//pictures/plant/2279_4.jpg
Koelreuteria paniculata Laxm.,vncreature,http://www.vncreatures.net//pictures/plant/3410.JPG,Koelreuteria,Sapindaceae,0,3003410,PlantCLEF2017,Train,310278,http://www.vncreatures.net//pictures/plant/3410.JPG
Koelreuteria paniculata Laxm.,vncreature,http://www.vncreatures.net//pictures/plant/3410_1.jpg,Koelreuteria,Sapindaceae,0,3034101,PlantCLEF2017,Train,310278,http://www.vncreatures.net//pictures/plant/3410_1.jpg
Koelreuteria paniculata Laxm.,vncreature,http://www.vncreatures.net//pictures/plant/3410_2.jpg,Koelreuteria,Sapindaceae,0,3034102,PlantCLEF2017,Train,310278,http://www.vncreatures.net//pictures/plant/3410_2.jpg
Anthogonium gracile Wall. ex Lindl.,vncreature,http://www.vncreatures.net//pictures/plant/3769.JPG,Anthogonium,Orchidaceae,0,3003769,PlantCLEF2017,Train,215501,http://www.vncreatures.net//pictures/plant/3769.JPG
Anthogonium gracile Wall. ex Lindl.,vncreature,http://www.vncreatures.net//pictures/plant/3769_1.jpg,Anthogonium,Orchidaceae,0,3037691,PlantCLEF2017,Train,215501,http://www.vncreatures.net//pictures/plant/3769_1.jpg
Anthogonium gracile Wall. ex Lindl.,vncreature,http://www.vncreatures.net//pictures/plant/3769_2.jpg,Anthogonium,Orchidaceae,0,3037692,PlantCLEF2017,Train,215501,http://www.vncreatures.net//pictures/plant/3769_2.jpg
Anthogonium gracile Wall. ex Lindl.,vncreature,http://www.vncreatures.net//pictures/plant/3769_3.jpg,Anthogonium,Orchidaceae,0,3037693,PlantCLEF2017,Train,215501,http://www.vncreatures.net//pictures/plant/3769_3.jpg
Anthogonium gracile Wall. ex Lindl.,vncreature,http://www.vncreatures.net//pictures/plant/3769_4.jpg,Anthogonium,Orchidaceae,0,3037694,PlantCLEF2017,Train,215501,http://www.vncreatures.net//pictures/plant/3769_4.jpg
Cheilocostus speciosus (J.Koenig) C.D.Specht,vncreature,http://www.vncreatures.net//pictures/plant/3495.JPG,Cheilocostus,Costaceae,0,3003495,PlantCLEF2017,Train,106379,http://www.vncreatures.net//pictures/plant/3495.JPG
Cheilocostus speciosus (J.Koenig) C.D.Specht,vncreature,http://www.vncreatures.net//pictures/plant/3495_1.jpg,Cheilocostus,Costaceae,0,3034951,PlantCLEF2017,Train,106379,http://www.vncreatures.net//pictures/plant/3495_1.jpg
Cheilocostus speciosus (J.Koenig) C.D.Specht,vncreature,http://www.vncreatures.net//pictures/plant/3495_2.jpg,Cheilocostus,Costaceae,0,3034952,PlantCLEF2017,Train,106379,http://www.vncreatures.net//pictures/plant/3495_2.jpg
Cheilocostus speciosus (J.Koenig) C.D.Specht,vncreature,http://www.vncreatures.net//pictures/plant/3495_3.jpg,Cheilocostus,Costaceae,0,3034953,PlantCLEF2017,Train,106379,http://www.vncreatures.net//pictures/plant/3495_3.jpg
Cheilocostus speciosus (J.Koenig) C.D.Specht,vncreature,http://www.vncreatures.net//pictures/plant/3495_4.jpg,Cheilocostus,Costaceae,0,3034954,PlantCLEF2017,Train,106379,http://www.vncreatures.net//pictures/plant/3495_4.jpg
Cleome viscosa L.,vncreature,http://www.vncreatures.net//pictures/plant/2155.JPG,Cleome,Capparaceae,0,3002155,PlantCLEF2017,Train,66892,http://www.vncreatures.net//pictures/plant/2155.JPG
Cleome viscosa L.,vncreature,http://www.vncreatures.net//pictures/plant/2155_1.jpg,Cleome,Capparaceae,0,3021551,PlantCLEF2017,Train,66892,http://www.vncreatures.net//pictures/plant/2155_1.jpg
Cleome viscosa L.,vncreature,http://www.vncreatures.net//pictures/plant/2155_2.jpg,Cleome,Capparaceae,0,3021552,PlantCLEF2017,Train,66892,http://www.vncreatures.net//pictures/plant/2155_2.jpg
Cleome viscosa L.,vncreature,http://www.vncreatures.net//pictures/plant/2155_3.jpg,Cleome,Capparaceae,0,3021553,PlantCLEF2017,Train,66892,http://www.vncreatures.net//pictures/plant/2155_3.jpg
Cleome viscosa L.,vncreature,http://www.vncreatures.net//pictures/plant/2155_4.jpg,Cleome,Capparaceae,0,3021554,PlantCLEF2017,Train,66892,http://www.vncreatures.net//pictures/plant/2155_4.jpg
Costus tonkinensis Gagnep.,vncreature,http://www.vncreatures.net//pictures/plant/3467.JPG,Costus,Costaceae,0,3003467,PlantCLEF2017,Train,106473,http://www.vncreatures.net//pictures/plant/3467.JPG
Costus tonkinensis Gagnep.,vncreature,http://www.vncreatures.net//pictures/plant/3467_1.jpg,Costus,Costaceae,0,3034671,PlantCLEF2017,Train,106473,http://www.vncreatures.net//pictures/plant/3467_1.jpg
Costus tonkinensis Gagnep.,vncreature,http://www.vncreatures.net//pictures/plant/3467_2.jpg,Costus,Costaceae,0,3034672,PlantCLEF2017,Train,106473,http://www.vncreatures.net//pictures/plant/3467_2.jpg
Costus tonkinensis Gagnep.,vncreature,http://www.vncreatures.net//pictures/plant/3467_3.jpg,Costus,Costaceae,0,3034673,PlantCLEF2017,Train,106473,http://www.vncreatures.net//pictures/plant/3467_3.jpg
Waltheria tomentosa H. St. John,vncreature,http://www.vncreatures.net//pictures/plant/3601.JPG,Waltheria,Malvaceae,0,3003601,PlantCLEF2017,Train,196021,http://www.vncreatures.net//pictures/plant/3601.JPG
Waltheria tomentosa H. St. John,vncreature,http://www.vncreatures.net//pictures/plant/3601_1.jpg,Waltheria,Malvaceae,0,3036011,PlantCLEF2017,Train,196021,http://www.vncreatures.net//pictures/plant/3601_1.jpg
Waltheria tomentosa H. St. John,vncreature,http://www.vncreatures.net//pictures/plant/3601_2.jpg,Waltheria,Malvaceae,0,3036012,PlantCLEF2017,Train,196021,http://www.vncreatures.net//pictures/plant/3601_2.jpg
Waltheria tomentosa H. St. John,vncreature,http://www.vncreatures.net//pictures/plant/3601_3.jpg,Waltheria,Malvaceae,0,3036013,PlantCLEF2017,Train,196021,http://www.vncreatures.net//pictures/plant/3601_3.jpg
Artocarpus heterophyllus Lam.,vncreature,http://www.vncreatures.net//pictures/plant/2079.JPG,Artocarpus,Moraceae,0,3002079,PlantCLEF2017,Train,203275,http://www.vncreatures.net//pictures/plant/2079.JPG
Artocarpus heterophyllus Lam.,vncreature,http://www.vncreatures.net//pictures/plant/2079_1.jpg,Artocarpus,Moraceae,0,3020791,PlantCLEF2017,Train,203275,http://www.vncreatures.net//pictures/plant/2079_1.jpg
Artocarpus heterophyllus Lam.,vncreature,http://www.vncreatures.net//pictures/plant/2079_2.jpg,Artocarpus,Moraceae,0,3020792,PlantCLEF2017,Train,203275,http://www.vncreatures.net//pictures/plant/2079_2.jpg
Holarrhena pubescens Wall. ex G.Don,vncreature,http://www.vncreatures.net//pictures/plant/2204.JPG,Holarrhena,Apocynaceae,0,3002204,PlantCLEF2017,Train,21737,http://www.vncreatures.net//pictures/plant/2204.JPG
Dischidia major (Vahl) Merr.,vncreature,http://www.vncreatures.net//pictures/plant/3534.JPG,Dischidia,Apocynaceae,0,3003534,PlantCLEF2017,Train,20977,http://www.vncreatures.net//pictures/plant/3534.JPG
Dischidia major (Vahl) Merr.,vncreature,http://www.vncreatures.net//pictures/plant/3534_1.jpg,Dischidia,Apocynaceae,0,3035341,PlantCLEF2017,Train,20977,http://www.vncreatures.net//pictures/plant/3534_1.jpg
Dischidia major (Vahl) Merr.,vncreature,http://www.vncreatures.net//pictures/plant/3534_2.jpg,Dischidia,Apocynaceae,0,3035342,PlantCLEF2017,Train,20977,http://www.vncreatures.net//pictures/plant/3534_2.jpg
Annona squamosa L.,vncreature,http://www.vncreatures.net//pictures/plant/2244.JPG,Annona,Annonaceae,0,3002244,PlantCLEF2017,Train,13423,http://www.vncreatures.net//pictures/plant/2244.JPG
Annona squamosa L.,vncreature,http://www.vncreatures.net//pictures/plant/2244_1.jpg,Annona,Annonaceae,0,3022441,PlantCLEF2017,Train,13423,http://www.vncreatures.net//pictures/plant/2244_1.jpg
Annona squamosa L.,vncreature,http://www.vncreatures.net//pictures/plant/2244_2.jpg,Annona,Annonaceae,0,3022442,PlantCLEF2017,Train,13423,http://www.vncreatures.net//pictures/plant/2244_2.jpg
Annona squamosa L.,vncreature,http://www.vncreatures.net//pictures/plant/2244_3.jpg,Annona,Annonaceae,0,3022443,PlantCLEF2017,Train,13423,http://www.vncreatures.net//pictures/plant/2244_3.jpg
Calophyllum inophyllum L.,vncreature,http://www.vncreatures.net//pictures/plant/2475.JPG,Calophyllum,Clusiaceae,0,3002475,PlantCLEF2017,Train,67140,http://www.vncreatures.net//pictures/plant/2475.JPG
Calophyllum inophyllum L.,vncreature,http://www.vncreatures.net//pictures/plant/2475_1.jpg,Calophyllum,Clusiaceae,0,3024751,PlantCLEF2017,Train,67140,http://www.vncreatures.net//pictures/plant/2475_1.jpg
Calophyllum inophyllum L.,vncreature,http://www.vncreatures.net//pictures/plant/2475_2.jpg,Calophyllum,Clusiaceae,0,3024752,PlantCLEF2017,Train,67140,http://www.vncreatures.net//pictures/plant/2475_2.jpg
Calophyllum inophyllum L.,vncreature,http://www.vncreatures.net//pictures/plant/2475_3.jpg,Calophyllum,Clusiaceae,0,3024753,PlantCLEF2017,Train,67140,http://www.vncreatures.net//pictures/plant/2475_3.jpg
Bauhinia purpurea L.,vncreature,http://www.vncreatures.net//pictures/plant/2508.JPG,Bauhinia,Fabaceae,0,3002508,PlantCLEF2017,Train,166252,http://www.vncreatures.net//pictures/plant/2508.JPG
Bauhinia purpurea L.,vncreature,http://www.vncreatures.net//pictures/plant/2508_1.jpg,Bauhinia,Fabaceae,0,3025081,PlantCLEF2017,Train,166252,http://www.vncreatures.net//pictures/plant/2508_1.jpg
Bauhinia purpurea L.,vncreature,http://www.vncreatures.net//pictures/plant/2508_2.jpg,Bauhinia,Fabaceae,0,3025082,PlantCLEF2017,Train,166252,http://www.vncreatures.net//pictures/plant/2508_2.jpg
Bauhinia purpurea L.,vncreature,http://www.vncreatures.net//pictures/plant/2508_3.jpg,Bauhinia,Fabaceae,0,3025083,PlantCLEF2017,Train,166252,http://www.vncreatures.net//pictures/plant/2508_3.jpg
Tamarindus indica L.,vncreature,http://www.vncreatures.net//pictures/plant/2073.JPG,Tamarindus,Fabaceae,0,3002073,PlantCLEF2017,Train,183345,http://www.vncreatures.net//pictures/plant/2073.JPG
Tamarindus indica L.,vncreature,http://www.vncreatures.net//pictures/plant/2073_1.jpg,Tamarindus,Fabaceae,0,3020731,PlantCLEF2017,Train,183345,http://www.vncreatures.net//pictures/plant/2073_1.jpg
Tamarindus indica L.,vncreature,http://www.vncreatures.net//pictures/plant/2073_2.jpg,Tamarindus,Fabaceae,0,3020732,PlantCLEF2017,Train,183345,http://www.vncreatures.net//pictures/plant/2073_2.jpg
Tamarindus indica L.,vncreature,http://www.vncreatures.net//pictures/plant/2073_3.jpg,Tamarindus,Fabaceae,0,3020733,PlantCLEF2017,Train,183345,http://www.vncreatures.net//pictures/plant/2073_3.jpg
Avicennia marina (Forssk.) Vierh.,vncreature,http://www.vncreatures.net//pictures/plant/3781.JPG,Avicennia,Verbenaceae,0,3003781,PlantCLEF2017,Train,421,http://www.vncreatures.net//pictures/plant/3781.JPG
Avicennia marina (Forssk.) Vierh.,vncreature,http://www.vncreatures.net//pictures/plant/3781_1.jpg,Avicennia,Verbenaceae,0,3037811,PlantCLEF2017,Train,421,http://www.vncreatures.net//pictures/plant/3781_1.jpg
Avicennia marina (Forssk.) Vierh.,vncreature,http://www.vncreatures.net//pictures/plant/3781_2.jpg,Avicennia,Verbenaceae,0,3037812,PlantCLEF2017,Train,421,http://www.vncreatures.net//pictures/plant/3781_2.jpg
Avicennia marina (Forssk.) Vierh.,vncreature,http://www.vncreatures.net//pictures/plant/3781_3.jpg,Avicennia,Verbenaceae,0,3037813,PlantCLEF2017,Train,421,http://www.vncreatures.net//pictures/plant/3781_3.jpg
Pithecellobium dulce (Roxb.) Benth.,vncreature,http://www.vncreatures.net//pictures/plant/2555.JPG,Pithecellobium,Fabaceae,0,3002555,PlantCLEF2017,Train,180061,http://www.vncreatures.net//pictures/plant/2555.JPG
Pithecellobium dulce (Roxb.) Benth.,vncreature,http://www.vncreatures.net//pictures/plant/2555_1.jpg,Pithecellobium,Fabaceae,0,3025551,PlantCLEF2017,Train,180061,http://www.vncreatures.net//pictures/plant/2555_1.jpg
Pithecellobium dulce (Roxb.) Benth.,vncreature,http://www.vncreatures.net//pictures/plant/2555_2.jpg,Pithecellobium,Fabaceae,0,3025552,PlantCLEF2017,Train,180061,http://www.vncreatures.net//pictures/plant/2555_2.jpg
Pithecellobium dulce (Roxb.) Benth.,vncreature,http://www.vncreatures.net//pictures/plant/2555_3.jpg,Pithecellobium,Fabaceae,0,3025553,PlantCLEF2017,Train,180061,http://www.vncreatures.net//pictures/plant/2555_3.jpg
Phyllanthus emblica L.,vncreature,http://www.vncreatures.net//pictures/plant/2554.JPG,Phyllanthus,Phyllanthaceae,0,3002554,PlantCLEF2017,Train,250675,http://www.vncreatures.net//pictures/plant/2554.JPG
Phyllanthus emblica L.,vncreature,http://www.vncreatures.net//pictures/plant/2554_1.jpg,Phyllanthus,Phyllanthaceae,0,3025541,PlantCLEF2017,Train,250675,http://www.vncreatures.net//pictures/plant/2554_1.jpg
Phyllanthus emblica L.,vncreature,http://www.vncreatures.net//pictures/plant/2554_2.jpg,Phyllanthus,Phyllanthaceae,0,3025542,PlantCLEF2017,Train,250675,http://www.vncreatures.net//pictures/plant/2554_2.jpg
Phyllanthus emblica L.,vncreature,http://www.vncreatures.net//pictures/plant/2554_3.jpg,Phyllanthus,Phyllanthaceae,0,3025543,PlantCLEF2017,Train,250675,http://www.vncreatures.net//pictures/plant/2554_3.jpg
Phyllanthus emblica L.,vncreature,http://www.vncreatures.net//pictures/plant/2554_4.jpg,Phyllanthus,Phyllanthaceae,0,3025544,PlantCLEF2017,Train,250675,http://www.vncreatures.net//pictures/plant/2554_4.jpg
Cerbera manghas L.,vncreature,http://www.vncreatures.net//pictures/plant/3951.JPG,Cerbera,Apocynaceae,0,3003951,PlantCLEF2017,Train,20229,http://www.vncreatures.net//pictures/plant/3951.JPG
Cassia javanica L.,vncreature,http://www.vncreatures.net//pictures/plant/2476.JPG,Cassia,Fabaceae,0,3002476,PlantCLEF2017,Train,167509,http://www.vncreatures.net//pictures/plant/2476.JPG
Cassia javanica L.,vncreature,http://www.vncreatures.net//pictures/plant/2476_1.jpg,Cassia,Fabaceae,0,3024761,PlantCLEF2017,Train,167509,http://www.vncreatures.net//pictures/plant/2476_1.jpg
Cassia javanica L.,vncreature,http://www.vncreatures.net//pictures/plant/2476_2.jpg,Cassia,Fabaceae,0,3024762,PlantCLEF2017,Train,167509,http://www.vncreatures.net//pictures/plant/2476_2.jpg
Cassia javanica L.,vncreature,http://www.vncreatures.net//pictures/plant/2476_3.jpg,Cassia,Fabaceae,0,3024763,PlantCLEF2017,Train,167509,http://www.vncreatures.net//pictures/plant/2476_3.jpg
Cassia javanica L.,vncreature,http://www.vncreatures.net//pictures/plant/2476_4.jpg,Cassia,Fabaceae,0,3024764,PlantCLEF2017,Train,167509,http://www.vncreatures.net//pictures/plant/2476_4.jpg
Amorphophallus paeoniifolius (Dennst.) Nicolson,vncreature,http://www.vncreatures.net//pictures/plant/2236.JPG,Amorphophallus,Araceae,0,3002236,PlantCLEF2017,Train,25900,http://www.vncreatures.net//pictures/plant/2236.JPG
Gloriosa superba L.,vncreature,http://www.vncreatures.net//pictures/plant/2462.JPG,Gloriosa,Liliaceae,0,3002462,PlantCLEF2017,Train,68324,http://www.vncreatures.net//pictures/plant/2462.JPG
Gloriosa superba L.,vncreature,http://www.vncreatures.net//pictures/plant/2462_1.jpg,Gloriosa,Liliaceae,0,3024621,PlantCLEF2017,Train,68324,http://www.vncreatures.net//pictures/plant/2462_1.jpg
Gloriosa superba L.,vncreature,http://www.vncreatures.net//pictures/plant/2462_2.jpg,Gloriosa,Liliaceae,0,3024622,PlantCLEF2017,Train,68324,http://www.vncreatures.net//pictures/plant/2462_2.jpg
Gloriosa superba L.,vncreature,http://www.vncreatures.net//pictures/plant/2462_3.jpg,Gloriosa,Liliaceae,0,3024623,PlantCLEF2017,Train,68324,http://www.vncreatures.net//pictures/plant/2462_3.jpg
Gloriosa superba L.,vncreature,http://www.vncreatures.net//pictures/plant/2462_4.jpg,Gloriosa,Liliaceae,0,3024624,PlantCLEF2017,Train,68324,http://www.vncreatures.net//pictures/plant/2462_4.jpg
Clerodendrum chinense (Osbeck) Mabb.,vncreature,http://www.vncreatures.net//pictures/plant/3851.JPG,Clerodendrum,Lamiaceae,0,3003851,PlantCLEF2017,Train,148815,http://www.vncreatures.net//pictures/plant/3851.JPG
Clerodendrum chinense (Osbeck) Mabb.,vncreature,http://www.vncreatures.net//pictures/plant/3851_1.jpg,Clerodendrum,Lamiaceae,0,3038511,PlantCLEF2017,Train,148815,http://www.vncreatures.net//pictures/plant/3851_1.jpg
Clerodendrum chinense (Osbeck) Mabb.,vncreature,http://www.vncreatures.net//pictures/plant/3851_2.jpg,Clerodendrum,Lamiaceae,0,3038512,PlantCLEF2017,Train,148815,http://www.vncreatures.net//pictures/plant/3851_2.jpg
Clerodendrum chinense (Osbeck) Mabb.,vncreature,http://www.vncreatures.net//pictures/plant/3851_3.jpg,Clerodendrum,Lamiaceae,0,3038513,PlantCLEF2017,Train,148815,http://www.vncreatures.net//pictures/plant/3851_3.jpg
Clerodendrum chinense (Osbeck) Mabb.,vncreature,http://www.vncreatures.net//pictures/plant/3851_4.jpg,Clerodendrum,Lamiaceae,0,3038514,PlantCLEF2017,Train,148815,http://www.vncreatures.net//pictures/plant/3851_4.jpg
Tacca integrifolia Ker Gawl.,vncreature,http://www.vncreatures.net//pictures/plant/3296.JPG,Tacca,Dioscoreaceae,0,3003296,PlantCLEF2017,Train,118022,http://www.vncreatures.net//pictures/plant/3296.JPG
Cordia subcordata Lam.,vncreature,http://www.vncreatures.net//pictures/plant/3666.JPG,Cordia,Boraginaceae,0,3003666,PlantCLEF2017,Train,43643,http://www.vncreatures.net//pictures/plant/3666.JPG
Cordia subcordata Lam.,vncreature,http://www.vncreatures.net//pictures/plant/3666_1.jpg,Cordia,Boraginaceae,0,3036661,PlantCLEF2017,Train,43643,http://www.vncreatures.net//pictures/plant/3666_1.jpg
Cordia subcordata Lam.,vncreature,http://www.vncreatures.net//pictures/plant/3666_2.jpg,Cordia,Boraginaceae,0,3036662,PlantCLEF2017,Train,43643,http://www.vncreatures.net//pictures/plant/3666_2.jpg
Cordia subcordata Lam.,vncreature,http://www.vncreatures.net//pictures/plant/3666_3.jpg,Cordia,Boraginaceae,0,3036663,PlantCLEF2017,Train,43643,http://www.vncreatures.net//pictures/plant/3666_3.jpg
Cordia subcordata Lam.,vncreature,http://www.vncreatures.net//pictures/plant/3666_4.jpg,Cordia,Boraginaceae,0,3036664,PlantCLEF2017,Train,43643,http://www.vncreatures.net//pictures/plant/3666_4.jpg
Aglaia odorata Lour.,vncreature,http://www.vncreatures.net//pictures/plant/2165.JPG,Aglaia,Meliaceae,0,3002165,PlantCLEF2017,Train,201567,http://www.vncreatures.net//pictures/plant/2165.JPG
Cordia myxa L.,vncreature,http://www.vncreatures.net//pictures/plant/2517.JPG,Cordia,Boraginaceae,0,3002517,PlantCLEF2017,Train,43537,http://www.vncreatures.net//pictures/plant/2517.JPG
Curcuma petiolata Roxb.,vncreature,http://www.vncreatures.net//pictures/plant/2110.JPG,Curcuma,Zingiberaceae,0,3002110,PlantCLEF2017,Train,330603,http://www.vncreatures.net//pictures/plant/2110.JPG
Murraya paniculata (L.) Jack,vncreature,http://www.vncreatures.net//pictures/plant/3948.JPG,Murraya,Rutaceae,0,3003948,PlantCLEF2017,Train,306054,http://www.vncreatures.net//pictures/plant/3948.JPG
Jasminum sambac (L.) Aiton,vncreature,http://www.vncreatures.net//pictures/plant/3909.JPG,Jasminum,Oleaceae,0,3003909,PlantCLEF2017,Train,212920,http://www.vncreatures.net//pictures/plant/3909.JPG
Bombax ceiba L.,vncreature,http://www.vncreatures.net//pictures/plant/3375.JPG,Bombax,Malvaceae,0,3003375,PlantCLEF2017,Train,192010,http://www.vncreatures.net//pictures/plant/3375.JPG
Bombax ceiba L.,vncreature,http://www.vncreatures.net//pictures/plant/3375_1.jpg,Bombax,Malvaceae,0,3033751,PlantCLEF2017,Train,192010,http://www.vncreatures.net//pictures/plant/3375_1.jpg
Bombax ceiba L.,vncreature,http://www.vncreatures.net//pictures/plant/3375_2.jpg,Bombax,Malvaceae,0,3033752,PlantCLEF2017,Train,192010,http://www.vncreatures.net//pictures/plant/3375_2.jpg
Bombax ceiba L.,vncreature,http://www.vncreatures.net//pictures/plant/3375_3.jpg,Bombax,Malvaceae,0,3033753,PlantCLEF2017,Train,192010,http://www.vncreatures.net//pictures/plant/3375_3.jpg
Bombax ceiba L.,vncreature,http://www.vncreatures.net//pictures/plant/3375_4.jpg,Bombax,Malvaceae,0,3033754,PlantCLEF2017,Train,192010,http://www.vncreatures.net//pictures/plant/3375_4.jpg
Phyllanthus reticulatus Poir.,vncreature,http://www.vncreatures.net//pictures/plant/3903.JPG,Phyllanthus,Phyllanthaceae,0,3003903,PlantCLEF2017,Train,251141,http://www.vncreatures.net//pictures/plant/3903.JPG
Phyllanthus reticulatus Poir.,vncreature,http://www.vncreatures.net//pictures/plant/3903_1.jpg,Phyllanthus,Phyllanthaceae,0,3039031,PlantCLEF2017,Train,251141,http://www.vncreatures.net//pictures/plant/3903_1.jpg
Phyllanthus reticulatus Poir.,vncreature,http://www.vncreatures.net//pictures/plant/3903_2.jpg,Phyllanthus,Phyllanthaceae,0,3039032,PlantCLEF2017,Train,251141,http://www.vncreatures.net//pictures/plant/3903_2.jpg
Phyllanthus reticulatus Poir.,vncreature,http://www.vncreatures.net//pictures/plant/3903_3.jpg,Phyllanthus,Phyllanthaceae,0,3039033,PlantCLEF2017,Train,251141,http://www.vncreatures.net//pictures/plant/3903_3.jpg
Taiwania cryptomerioides Hayata,vncreature,http://www.vncreatures.net//pictures/plant/3917.JPG,Taiwania,Cupressaceae,0,3003917,PlantCLEF2017,Train,109610,http://www.vncreatures.net//pictures/plant/3917.JPG
Hibiscus mutabilis L.,vncreature,http://www.vncreatures.net//pictures/plant/3503.JPG,Hibiscus,Malvaceae,0,3003503,PlantCLEF2017,Train,193990,http://www.vncreatures.net//pictures/plant/3503.JPG
Hibiscus mutabilis L.,vncreature,http://www.vncreatures.net//pictures/plant/3503_1.jpg,Hibiscus,Malvaceae,0,3035031,PlantCLEF2017,Train,193990,http://www.vncreatures.net//pictures/plant/3503_1.jpg
Hibiscus mutabilis L.,vncreature,http://www.vncreatures.net//pictures/plant/3503_2.jpg,Hibiscus,Malvaceae,0,3035032,PlantCLEF2017,Train,193990,http://www.vncreatures.net//pictures/plant/3503_2.jpg
Hibiscus mutabilis L.,vncreature,http://www.vncreatures.net//pictures/plant/3503_3.jpg,Hibiscus,Malvaceae,0,3035033,PlantCLEF2017,Train,193990,http://www.vncreatures.net//pictures/plant/3503_3.jpg
Bulbophyllum flabellum-veneris (J.Koenig) Aver.,vncreature,http://www.vncreatures.net//pictures/plant/2306.JPG,Bulbophyllum,Orchidaceae,0,3002306,PlantCLEF2017,Train,217001,http://www.vncreatures.net//pictures/plant/2306.JPG
Bulbophyllum flabellum-veneris (J.Koenig) Aver.,vncreature,http://www.vncreatures.net//pictures/plant/2306_1.jpg,Bulbophyllum,Orchidaceae,0,3023061,PlantCLEF2017,Train,217001,http://www.vncreatures.net//pictures/plant/2306_1.jpg
Bulbophyllum flabellum-veneris (J.Koenig) Aver.,vncreature,http://www.vncreatures.net//pictures/plant/2306_2.jpg,Bulbophyllum,Orchidaceae,0,3023062,PlantCLEF2017,Train,217001,http://www.vncreatures.net//pictures/plant/2306_2.jpg
Bulbophyllum flabellum-veneris (J.Koenig) Aver.,vncreature,http://www.vncreatures.net//pictures/plant/2306_3.jpg,Bulbophyllum,Orchidaceae,0,3023063,PlantCLEF2017,Train,217001,http://www.vncreatures.net//pictures/plant/2306_3.jpg
Curculigo orchioides Gaertn.,vncreature,http://www.vncreatures.net//pictures/plant/3848.JPG,Curculigo,Hypoxidaceae,0,3003848,PlantCLEF2017,Train,144408,http://www.vncreatures.net//pictures/plant/3848.JPG
Albizia chinensis (Osbeck) Merr.,vncreature,http://www.vncreatures.net//pictures/plant/3887.JPG,Albizia,Leguminosae,0,3003887,PlantCLEF2017,Train,161935,http://www.vncreatures.net//pictures/plant/3887.JPG
Albizia chinensis (Osbeck) Merr.,vncreature,http://www.vncreatures.net//pictures/plant/3887_1.jpg,Albizia,Leguminosae,0,3038871,PlantCLEF2017,Train,161935,http://www.vncreatures.net//pictures/plant/3887_1.jpg
Albizia chinensis (Osbeck) Merr.,vncreature,http://www.vncreatures.net//pictures/plant/3887_2.jpg,Albizia,Leguminosae,0,3038872,PlantCLEF2017,Train,161935,http://www.vncreatures.net//pictures/plant/3887_2.jpg
Albizia chinensis (Osbeck) Merr.,vncreature,http://www.vncreatures.net//pictures/plant/3887_3.jpg,Albizia,Leguminosae,0,3038873,PlantCLEF2017,Train,161935,http://www.vncreatures.net//pictures/plant/3887_3.jpg
Albizia chinensis (Osbeck) Merr.,vncreature,http://www.vncreatures.net//pictures/plant/3887_4.jpg,Albizia,Leguminosae,0,3038874,PlantCLEF2017,Train,161935,http://www.vncreatures.net//pictures/plant/3887_4.jpg
Durio zibethinus L.,vncreature,http://www.vncreatures.net//pictures/plant/3379.JPG,Durio,Malvaceae,0,3003379,PlantCLEF2017,Train,192998,http://www.vncreatures.net//pictures/plant/3379.JPG
Durio zibethinus L.,vncreature,http://www.vncreatures.net//pictures/plant/3379_1.jpg,Durio,Malvaceae,0,3033791,PlantCLEF2017,Train,192998,http://www.vncreatures.net//pictures/plant/3379_1.jpg
Durio zibethinus L.,vncreature,http://www.vncreatures.net//pictures/plant/3379_2.jpg,Durio,Malvaceae,0,3033792,PlantCLEF2017,Train,192998,http://www.vncreatures.net//pictures/plant/3379_2.jpg
Durio zibethinus L.,vncreature,http://www.vncreatures.net//pictures/plant/3379_3.jpg,Durio,Malvaceae,0,3033793,PlantCLEF2017,Train,192998,http://www.vncreatures.net//pictures/plant/3379_3.jpg
Durio zibethinus L.,vncreature,http://www.vncreatures.net//pictures/plant/3379_4.jpg,Durio,Malvaceae,0,3033794,PlantCLEF2017,Train,192998,http://www.vncreatures.net//pictures/plant/3379_4.jpg
Carissa spinarum L.,vncreature,http://www.vncreatures.net//pictures/plant/3655.JPG,Carissa,Apocynaceae,0,3003655,PlantCLEF2017,Train,20199,http://www.vncreatures.net//pictures/plant/3655.JPG
Liquidambar formosana Hance,vncreature,http://www.vncreatures.net//pictures/plant/3500.JPG,Liquidambar,Altingiaceae,0,3003500,PlantCLEF2017,Train,7572,http://www.vncreatures.net//pictures/plant/3500.JPG
Liquidambar formosana Hance,vncreature,http://www.vncreatures.net//pictures/plant/3500_1.jpg,Liquidambar,Altingiaceae,0,3035001,PlantCLEF2017,Train,7572,http://www.vncreatures.net//pictures/plant/3500_1.jpg
Liquidambar formosana Hance,vncreature,http://www.vncreatures.net//pictures/plant/3500_2.jpg,Liquidambar,Altingiaceae,0,3035002,PlantCLEF2017,Train,7572,http://www.vncreatures.net//pictures/plant/3500_2.jpg
Liquidambar formosana Hance,vncreature,http://www.vncreatures.net//pictures/plant/3500_3.jpg,Liquidambar,Altingiaceae,0,3035003,PlantCLEF2017,Train,7572,http://www.vncreatures.net//pictures/plant/3500_3.jpg
Rhodomyrtus tomentosa (Aiton) Hassk.,vncreature,http://www.vncreatures.net//pictures/plant/2091.JPG,Rhodomyrtus,Myrtaceae,0,3002091,PlantCLEF2017,Train,209462,http://www.vncreatures.net//pictures/plant/2091.JPG
Rhodomyrtus tomentosa (Aiton) Hassk.,vncreature,http://www.vncreatures.net//pictures/plant/2091_1.jpg,Rhodomyrtus,Myrtaceae,0,3020911,PlantCLEF2017,Train,209462,http://www.vncreatures.net//pictures/plant/2091_1.jpg
Rhodomyrtus tomentosa (Aiton) Hassk.,vncreature,http://www.vncreatures.net//pictures/plant/2091_2.jpg,Rhodomyrtus,Myrtaceae,0,3020912,PlantCLEF2017,Train,209462,http://www.vncreatures.net//pictures/plant/2091_2.jpg
Rhodomyrtus tomentosa (Aiton) Hassk.,vncreature,http://www.vncreatures.net//pictures/plant/2091_3.jpg,Rhodomyrtus,Myrtaceae,0,3020913,PlantCLEF2017,Train,209462,http://www.vncreatures.net//pictures/plant/2091_3.jpg
Rhodomyrtus tomentosa (Aiton) Hassk.,vncreature,http://www.vncreatures.net//pictures/plant/2091_4.jpg,Rhodomyrtus,Myrtaceae,0,3020914,PlantCLEF2017,Train,209462,http://www.vncreatures.net//pictures/plant/2091_4.jpg
Sesbania grandiflora (L.) Pers.,vncreature,http://www.vncreatures.net//pictures/plant/2487.JPG,Sesbania,Leguminosae,0,3002487,PlantCLEF2017,Train,182403,http://www.vncreatures.net//pictures/plant/2487.JPG
Sesbania grandiflora (L.) Pers.,vncreature,http://www.vncreatures.net//pictures/plant/2487_1.jpg,Sesbania,Leguminosae,0,3024871,PlantCLEF2017,Train,182403,http://www.vncreatures.net//pictures/plant/2487_1.jpg
Sesbania grandiflora (L.) Pers.,vncreature,http://www.vncreatures.net//pictures/plant/2487_2.jpg,Sesbania,Leguminosae,0,3024872,PlantCLEF2017,Train,182403,http://www.vncreatures.net//pictures/plant/2487_2.jpg
Sesbania grandiflora (L.) Pers.,vncreature,http://www.vncreatures.net//pictures/plant/2487_3.jpg,Sesbania,Leguminosae,0,3024873,PlantCLEF2017,Train,182403,http://www.vncreatures.net//pictures/plant/2487_3.jpg
Sesbania grandiflora (L.) Pers.,vncreature,http://www.vncreatures.net//pictures/plant/2487_4.jpg,Sesbania,Leguminosae,0,3024874,PlantCLEF2017,Train,182403,http://www.vncreatures.net//pictures/plant/2487_4.jpg
Caesalpinia sappan L.,vncreature,http://www.vncreatures.net//pictures/plant/3042.JPG,Caesalpinia,Leguminosae,0,3003042,PlantCLEF2017,Train,166834,http://www.vncreatures.net//pictures/plant/3042.JPG
Caesalpinia sappan L.,vncreature,http://www.vncreatures.net//pictures/plant/3042_1.jpg,Caesalpinia,Leguminosae,0,3030421,PlantCLEF2017,Train,166834,http://www.vncreatures.net//pictures/plant/3042_1.jpg
Caesalpinia sappan L.,vncreature,http://www.vncreatures.net//pictures/plant/3042_2.jpg,Caesalpinia,Leguminosae,0,3030422,PlantCLEF2017,Train,166834,http://www.vncreatures.net//pictures/plant/3042_2.jpg
Caesalpinia sappan L.,vncreature,http://www.vncreatures.net//pictures/plant/3042_3.jpg,Caesalpinia,Leguminosae,0,3030423,PlantCLEF2017,Train,166834,http://www.vncreatures.net//pictures/plant/3042_3.jpg
Sedum sarmentosum Bunge,vncreature,http://www.vncreatures.net//pictures/plant/3180.JPG,Sedum,Crassulaceae,0,3003180,PlantCLEF2017,Train,107842,http://www.vncreatures.net//pictures/plant/3180.JPG
Sedum sarmentosum Bunge,vncreature,http://www.vncreatures.net//pictures/plant/3180_1.jpg,Sedum,Crassulaceae,0,3031801,PlantCLEF2017,Train,107842,http://www.vncreatures.net//pictures/plant/3180_1.jpg
Sedum sarmentosum Bunge,vncreature,http://www.vncreatures.net//pictures/plant/3180_2.jpg,Sedum,Crassulaceae,0,3031802,PlantCLEF2017,Train,107842,http://www.vncreatures.net//pictures/plant/3180_2.jpg
Sedum sarmentosum Bunge,vncreature,http://www.vncreatures.net//pictures/plant/3180_3.jpg,Sedum,Crassulaceae,0,3031803,PlantCLEF2017,Train,107842,http://www.vncreatures.net//pictures/plant/3180_3.jpg
Sedum sarmentosum Bunge,vncreature,http://www.vncreatures.net//pictures/plant/3180_4.jpg,Sedum,Crassulaceae,0,3031804,PlantCLEF2017,Train,107842,http://www.vncreatures.net//pictures/plant/3180_4.jpg
Ricinus communis L.,vncreature,http://www.vncreatures.net//pictures/plant/2561.JPG,Ricinus,Euphorbiaceae,0,3002561,PlantCLEF2017,Train,133595,http://www.vncreatures.net//pictures/plant/2561.JPG
Camellia sinensis (L.) Kuntze,vncreature,http://www.vncreatures.net//pictures/plant/3385.JPG,Camellia,Theaceae,0,3003385,PlantCLEF2017,Train,320433,http://www.vncreatures.net//pictures/plant/3385.JPG
Camellia sinensis (L.) Kuntze,vncreature,http://www.vncreatures.net//pictures/plant/3385_1.jpg,Camellia,Theaceae,0,3033851,PlantCLEF2017,Train,320433,http://www.vncreatures.net//pictures/plant/3385_1.jpg
Camellia sinensis (L.) Kuntze,vncreature,http://www.vncreatures.net//pictures/plant/3385_2.jpg,Camellia,Theaceae,0,3033852,PlantCLEF2017,Train,320433,http://www.vncreatures.net//pictures/plant/3385_2.jpg
Camellia sinensis (L.) Kuntze,vncreature,http://www.vncreatures.net//pictures/plant/3385_3.jpg,Camellia,Theaceae,0,3033853,PlantCLEF2017,Train,320433,http://www.vncreatures.net//pictures/plant/3385_3.jpg
Camellia sinensis (L.) Kuntze,vncreature,http://www.vncreatures.net//pictures/plant/3385_4.jpg,Camellia,Theaceae,0,3033854,PlantCLEF2017,Train,320433,http://www.vncreatures.net//pictures/plant/3385_4.jpg
Rubia cordifolia L.,vncreature,http://www.vncreatures.net//pictures/plant/3175.JPG,Rubia,Rubiaceae,0,3003175,PlantCLEF2017,Train,302396,http://www.vncreatures.net//pictures/plant/3175.JPG
Rubia cordifolia L.,vncreature,http://www.vncreatures.net//pictures/plant/3175_1.jpg,Rubia,Rubiaceae,0,3031751,PlantCLEF2017,Train,302396,http://www.vncreatures.net//pictures/plant/3175_1.jpg
Melochia corchorifolia L.,vncreature,http://www.vncreatures.net//pictures/plant/2171.JPG,Melochia,Sterculiaceae,0,3002171,PlantCLEF2017,Train,194458,http://www.vncreatures.net//pictures/plant/2171.JPG
Melochia corchorifolia L.,vncreature,http://www.vncreatures.net//pictures/plant/2171_1.jpg,Melochia,Sterculiaceae,0,3021711,PlantCLEF2017,Train,194458,http://www.vncreatures.net//pictures/plant/2171_1.jpg
Melochia corchorifolia L.,vncreature,http://www.vncreatures.net//pictures/plant/2171_2.jpg,Melochia,Sterculiaceae,0,3021712,PlantCLEF2017,Train,194458,http://www.vncreatures.net//pictures/plant/2171_2.jpg
Melochia corchorifolia L.,vncreature,http://www.vncreatures.net//pictures/plant/2171_3.jpg,Melochia,Sterculiaceae,0,3021713,PlantCLEF2017,Train,194458,http://www.vncreatures.net//pictures/plant/2171_3.jpg
Syzygium cumini (L.) Skeels,vncreature,http://www.vncreatures.net//pictures/plant/2488.JPG,Syzygium,Myrtaceae,0,3002488,PlantCLEF2017,Train,209809,http://www.vncreatures.net//pictures/plant/2488.JPG
Syzygium cumini (L.) Skeels,vncreature,http://www.vncreatures.net//pictures/plant/2488_1.jpg,Syzygium,Myrtaceae,0,3024881,PlantCLEF2017,Train,209809,http://www.vncreatures.net//pictures/plant/2488_1.jpg
Syzygium cumini (L.) Skeels,vncreature,http://www.vncreatures.net//pictures/plant/2488_2.jpg,Syzygium,Myrtaceae,0,3024882,PlantCLEF2017,Train,209809,http://www.vncreatures.net//pictures/plant/2488_2.jpg
Syzygium cumini (L.) Skeels,vncreature,http://www.vncreatures.net//pictures/plant/2488_3.jpg,Syzygium,Myrtaceae,0,3024883,PlantCLEF2017,Train,209809,http://www.vncreatures.net//pictures/plant/2488_3.jpg
Syzygium cumini (L.) Skeels,vncreature,http://www.vncreatures.net//pictures/plant/2488_4.jpg,Syzygium,Myrtaceae,0,3024884,PlantCLEF2017,Train,209809,http://www.vncreatures.net//pictures/plant/2488_4.jpg
Vernicia montana Lour.,vncreature,http://www.vncreatures.net//pictures/plant/2495.JPG,Vernicia,Euphorbiaceae,0,3002495,PlantCLEF2017,Train,134119,http://www.vncreatures.net//pictures/plant/2495.JPG
Vernicia montana Lour.,vncreature,http://www.vncreatures.net//pictures/plant/2495_2.jpg,Vernicia,Euphorbiaceae,0,3024952,PlantCLEF2017,Train,134119,http://www.vncreatures.net//pictures/plant/2495_2.jpg
Vernicia montana Lour.,vncreature,http://www.vncreatures.net//pictures/plant/2495_3.jpg,Vernicia,Euphorbiaceae,0,3024953,PlantCLEF2017,Train,134119,http://www.vncreatures.net//pictures/plant/2495_3.jpg
Vernicia montana Lour.,vncreature,http://www.vncreatures.net//pictures/plant/2495_4.jpg,Vernicia,Euphorbiaceae,0,3024954,PlantCLEF2017,Train,134119,http://www.vncreatures.net//pictures/plant/2495_4.jpg
Pseudosasa japonica (Steud.) Makino,vncreature,http://www.vncreatures.net//pictures/plant/3286.JPG,Pseudosasa,Poaceae,0,3003286,PlantCLEF2017,Train,267267,http://www.vncreatures.net//pictures/plant/3286.JPG
Phyllostachys nigra (Lodd. ex Lindl.) Munro,vncreature,http://www.vncreatures.net//pictures/plant/3271.JPG,Phyllostachys,Poaceae,0,3003271,PlantCLEF2017,Train,266453,http://www.vncreatures.net//pictures/plant/3271.JPG
Phyllostachys nigra (Lodd. ex Lindl.) Munro,vncreature,http://www.vncreatures.net//pictures/plant/3271_1.jpg,Phyllostachys,Poaceae,0,3032711,PlantCLEF2017,Train,266453,http://www.vncreatures.net//pictures/plant/3271_1.jpg
Phyllostachys nigra (Lodd. ex Lindl.) Munro,vncreature,http://www.vncreatures.net//pictures/plant/3271_2.jpg,Phyllostachys,Poaceae,0,3032712,PlantCLEF2017,Train,266453,http://www.vncreatures.net//pictures/plant/3271_2.jpg
Phyllostachys nigra (Lodd. ex Lindl.) Munro,vncreature,http://www.vncreatures.net//pictures/plant/3271_3.jpg,Phyllostachys,Poaceae,0,3032713,PlantCLEF2017,Train,266453,http://www.vncreatures.net//pictures/plant/3271_3.jpg
Abies delavayi Franch.,vncreature,http://www.vncreatures.net//pictures/plant/3309.JPG,Abies,Pinaceae,0,3003309,PlantCLEF2017,Train,251826,http://www.vncreatures.net//pictures/plant/3309.JPG
Mesua ferrea L.,vncreature,http://www.vncreatures.net//pictures/plant/2612.JPG,Mesua,Calophyllaceae,0,3002612,PlantCLEF2017,Train,57609,http://www.vncreatures.net//pictures/plant/2612.JPG
Mesua ferrea L.,vncreature,http://www.vncreatures.net//pictures/plant/2612_1.jpg,Mesua,Calophyllaceae,0,3026121,PlantCLEF2017,Train,57609,http://www.vncreatures.net//pictures/plant/2612_1.jpg
Mesua ferrea L.,vncreature,http://www.vncreatures.net//pictures/plant/2612_2.jpg,Mesua,Calophyllaceae,0,3026122,PlantCLEF2017,Train,57609,http://www.vncreatures.net//pictures/plant/2612_2.jpg
Mesua ferrea L.,vncreature,http://www.vncreatures.net//pictures/plant/2612_3.jpg,Mesua,Calophyllaceae,0,3026123,PlantCLEF2017,Train,57609,http://www.vncreatures.net//pictures/plant/2612_3.jpg
Mesua ferrea L.,vncreature,http://www.vncreatures.net//pictures/plant/2612_4.jpg,Mesua,Calophyllaceae,0,3026124,PlantCLEF2017,Train,57609,http://www.vncreatures.net//pictures/plant/2612_4.jpg
Melia azedarach L.,vncreature,http://www.vncreatures.net//pictures/plant/3523.JPG,Melia,Meliaceae,0,3003523,PlantCLEF2017,Train,201993,http://www.vncreatures.net//pictures/plant/3523.JPG
Melia azedarach L.,vncreature,http://www.vncreatures.net//pictures/plant/3523_1.jpg,Melia,Meliaceae,0,3035231,PlantCLEF2017,Train,201993,http://www.vncreatures.net//pictures/plant/3523_1.jpg
Melia azedarach L.,vncreature,http://www.vncreatures.net//pictures/plant/3523_2.jpg,Melia,Meliaceae,0,3035232,PlantCLEF2017,Train,201993,http://www.vncreatures.net//pictures/plant/3523_2.jpg
Melia azedarach L.,vncreature,http://www.vncreatures.net//pictures/plant/3523_3.jpg,Melia,Meliaceae,0,3035233,PlantCLEF2017,Train,201993,http://www.vncreatures.net//pictures/plant/3523_3.jpg
Bruguiera sexangula (Lour.) Poir.,vncreature,http://www.vncreatures.net//pictures/plant/3363.JPG,Bruguiera,Rhizophoraceae,0,3003363,PlantCLEF2017,Train,285354,http://www.vncreatures.net//pictures/plant/3363.JPG
Bruguiera sexangula (Lour.) Poir.,vncreature,http://www.vncreatures.net//pictures/plant/3363_1.jpg,Bruguiera,Rhizophoraceae,0,3033631,PlantCLEF2017,Train,285354,http://www.vncreatures.net//pictures/plant/3363_1.jpg
Bruguiera sexangula (Lour.) Poir.,vncreature,http://www.vncreatures.net//pictures/plant/3363_2.jpg,Bruguiera,Rhizophoraceae,0,3033632,PlantCLEF2017,Train,285354,http://www.vncreatures.net//pictures/plant/3363_2.jpg
Bruguiera sexangula (Lour.) Poir.,vncreature,http://www.vncreatures.net//pictures/plant/3363_3.jpg,Bruguiera,Rhizophoraceae,0,3033633,PlantCLEF2017,Train,285354,http://www.vncreatures.net//pictures/plant/3363_3.jpg
Melochia umbellata (Houtt.) Stapf,vncreature,http://www.vncreatures.net//pictures/plant/3701.JPG,Melochia,Malvaceae,0,3003701,PlantCLEF2017,Train,194498,http://www.vncreatures.net//pictures/plant/3701.JPG
Melochia umbellata (Houtt.) Stapf,vncreature,http://www.vncreatures.net//pictures/plant/3701_1.jpg,Melochia,Malvaceae,0,3037011,PlantCLEF2017,Train,194498,http://www.vncreatures.net//pictures/plant/3701_1.jpg
Melochia umbellata (Houtt.) Stapf,vncreature,http://www.vncreatures.net//pictures/plant/3701_2.jpg,Melochia,Malvaceae,0,3037012,PlantCLEF2017,Train,194498,http://www.vncreatures.net//pictures/plant/3701_2.jpg
Melochia umbellata (Houtt.) Stapf,vncreature,http://www.vncreatures.net//pictures/plant/3701_3.jpg,Melochia,Malvaceae,0,3037013,PlantCLEF2017,Train,194498,http://www.vncreatures.net//pictures/plant/3701_3.jpg
